{
  "urls": [
    "./effect.mp3"
  ],
  "sprite": {
    "click": [
      0,
      54.37641723356009
    ],
    "night_trans": [
      2000,
      1906.9387755102039
    ],
    "page_1_1": [
      5000,
      4414.69387755102
    ],
    "page_1_2": [
      11000,
      12434.285714285714
    ],
    "page_1_3": [
      25000,
      5694.693877551022
    ],
    "page_2_1": [
      32000,
      4101.224489795918
    ],
    "page_2_1_bg": [
      38000,
      14863.673469387755
    ],
    "page_2_2": [
      54000,
      12669.387755102036
    ],
    "page_2_3": [
      68000,
      11624.489795918365
    ],
    "page_3_1": [
      81000,
      8698.775510204086
    ],
    "page_3_2": [
      91000,
      14027.755102040814
    ],
    "page_3_3": [
      107000,
      9978.775510204088
    ],
    "page_4_1": [
      118000,
      4754.285714285715
    ],
    "page_4_2": [
      124000,
      9430.204081632666
    ],
    "page_4_3": [
      135000,
      9430.204081632666
    ],
    "page_trf_0": [
      146000,
      3422.0408163265292
    ],
    "page_trf_1": [
      151000,
      3422.0408163265292
    ],
    "page_trf_2": [
      156000,
      3422.0408163265292
    ],
    "page_trf_3": [
      161000,
      3422.0408163265292
    ]
  },
  "src": [
    "./effect.mp3"
  ]
}