{
  "urls": [
    "./talkSound.mp3"
  ],
  "sprite": {
    "_001": [
      0,
      7909.750566893424
    ],
    "_002": [
      8500,
      4683.083900226757
    ],
    "_003": [
      14000,
      7752.902494331067
    ],
    "_004": [
      22500,
      5344.39909297052
    ],
    "_005": [
      29000,
      3904.965986394558
    ],
    "_006": [
      33500,
      7403.083900226761
    ],
    "_007": [
      42000,
      6269.387755102038
    ],
    "_008": [
      49500,
      13198.911564625852
    ],
    "_009": [
      64000,
      12517.732426303852
    ],
    "_010": [
      77500,
      13291.043083900235
    ],
    "_011": [
      92000,
      5025.986394557819
    ],
    "_012": [
      98500,
      7931.269841269838
    ],
    "_013": [
      107000,
      8940.861678004538
    ],
    "_014": [
      116500,
      10229.75056689343
    ],
    "_015_01": [
      128000,
      9819.07029478458
    ],
    "_015_02": [
      138500,
      9840.408163265294
    ],
    "_016": [
      149000,
      8763.083900226746
    ],
    "_017": [
      158500,
      8421.746031746039
    ],
    "_018": [
      168000,
      12837.732426303859
    ],
    "_019": [
      181500,
      5118.390022675726
    ],
    "_020": [
      188000,
      10005.714285714277
    ],
    "_021": [
      199500,
      14139.070294784575
    ],
    "_022": [
      215000,
      9195.07936507938
    ],
    "_023": [
      225500,
      6965.736961451256
    ],
    "_024": [
      233000,
      12875.079365079358
    ],
    "_025_01": [
      246500,
      12243.741496598659
    ],
    "_025_02": [
      260000,
      9795.714285714268
    ],
    "_026": [
      270500,
      7307.074829931991
    ],
    "_027": [
      279000,
      9712.6303854875
    ],
    "_027_2": [
      289500,
      8684.875283446729
    ],
    "_028": [
      299000,
      12971.065759637213
    ],
    "_029": [
      312500,
      11258.775510204088
    ],
    "_030": [
      325000,
      8133.061224489779
    ],
    "_031_01": [
      334500,
      10245.056689342391
    ],
    "_032": [
      346000,
      9717.551020408166
    ],
    "_033": [
      356500,
      12523.083900226766
    ],
    "_034": [
      370000,
      6661.74603174602
    ],
    "_035": [
      377500,
      9283.582766439906
    ],
    "_036": [
      388000,
      9630.385487528372
    ],
    "_037": [
      398500,
      12235.079365079344
    ],
    "_038": [
      412000,
      7195.05668934238
    ]
  },
  "src": [
    "./talkSound.mp3"
  ]
}